{
    "spacing": [
        0.46875,
        0.46875,
        0.800000011920929
    ],
    "mean": 0.3071167970974353,
    "std": 0.1488657374359127,
    "0.5": 0.057034220532319393,
    "99.5": 0.7759146341463414
}