{
    "fold1": {
        "spacing": [
            0.2994791567325592,
            0.2994791567325592,
            0.5999984741210938
        ],
        "mean": 0.3039135640639421,
        "std": 0.15046725247999163,
        "0.5": 0.031724137931034485,
        "99.5": 0.7746967071057193
    },
    "fold2": {
        "spacing": [
            0.2994791567325592,
            0.2994791567325592,
            0.5999984741210938
        ],
        "mean": 0.32312413331988765,
        "std": 0.14925190131830823,
        "0.5": 0.0,
        "99.5": 0.777947932618683
    }
}