{
    "fold1": {
        "spacing": [
            0.2994791567325592,
            0.2994791567325592,
            0.5999984741210938
        ],
        "mean": 0.3071167970974353,
        "std": 0.1488657374359127,
        "0.5": 0.057034220532319393,
        "99.5": 0.7759146341463414
    },
    "fold2": {
        "spacing": [
            0.2994791567325592,
            0.2994791567325592,
            0.5999984741210938
        ],
        "mean": 0.32422125814816705,
        "std": 0.1496616531043605,
        "0.5": 0.0,
        "99.5": 0.7827195238095231
    }
}